,B_x,B_y,B_z,V_1,V_2,V_3
0,-53.033008588991045,0.0,-17.677669529663675,-10.0,0.0,0.0
1,-52.197843099400636,0.0,-17.39928103313354,-9.84251968503937,0.0,0.0
2,-51.362677609810234,0.0,-17.120892536603407,-9.68503937007874,0.0,0.0
3,-50.52751212021981,0.0,-16.842504040073262,-9.527559055118111,0.0,0.0
4,-49.6923466306294,0.0,-16.564115543543128,-9.37007874015748,0.0,0.0
5,-48.85718114103899,0.0,-16.285727047012998,-9.21259842519685,0.0,0.0
6,-48.022015651448584,0.0,-16.007338550482856,-9.05511811023622,0.0,0.0
7,-47.18685016185816,0.0,-15.728950053952712,-8.89763779527559,0.0,0.0
8,-46.351684672267766,0.0,-15.450561557422583,-8.740157480314961,0.0,0.0
9,-45.51651918267736,0.0,-15.172173060892451,-8.582677165354331,0.0,0.0
10,-44.68135369308694,0.0,-14.893784564362305,-8.4251968503937,0.0,0.0
11,-43.846188203496524,0.0,-14.615396067832165,-8.26771653543307,0.0,0.0
12,-43.01102271390612,0.0,-14.337007571302038,-8.11023622047244,0.0,0.0
13,-42.17585722431571,0.0,-14.058619074771904,-7.952755905511811,0.0,0.0
14,-41.340691734725304,0.0,-13.780230578241765,-7.7952755905511815,0.0,0.0
15,-40.505526245134895,0.0,-13.501842081711626,-7.637795275590552,0.0,0.0
16,-39.67036075554448,0.0,-13.223453585181487,-7.480314960629921,0.0,0.0
17,-38.83519526595407,0.0,-12.945065088651353,-7.322834645669291,0.0,0.0
18,-38.000029776363654,0.0,-12.666676592121213,-7.165354330708661,0.0,0.0
19,-37.164864286773245,0.0,-12.388288095591077,-7.0078740157480315,0.0,0.0
20,-36.32969879718284,0.0,-12.109899599060947,-6.850393700787402,0.0,0.0
21,-35.494533307592434,0.0,-11.831511102530806,-6.692913385826772,0.0,0.0
22,-34.65936781800202,0.0,-11.55312260600067,-6.535433070866142,0.0,0.0
23,-33.824202328411616,0.0,-11.274734109470534,-6.377952755905512,0.0,0.0
24,-32.98903683882119,0.0,-10.996345612940395,-6.2204724409448815,0.0,0.0
25,-32.15387134923079,0.0,-10.717957116410261,-6.062992125984252,0.0,0.0
26,-31.31870585964038,0.0,-10.439568619880124,-5.905511811023622,0.0,0.0
27,-30.48354037004997,0.0,-10.161180123349984,-5.748031496062993,0.0,0.0
28,-29.648374880459556,0.0,-9.882791626819852,-5.590551181102362,0.0,0.0
29,-28.81320939086915,0.0,-9.604403130289713,-5.433070866141732,0.0,0.0
30,-27.978043901278745,0.0,-9.326014633759582,-5.275590551181103,0.0,0.0
31,-27.142878411688326,0.0,-9.04762613722944,-5.118110236220472,0.0,0.0
32,-26.30771292209792,0.0,-8.769237640699306,-4.960629921259843,0.0,0.0
33,-25.472547432507508,0.0,-8.490849144169163,-4.803149606299213,0.0,0.0
34,-24.6373819429171,0.0,-8.21246064763903,-4.645669291338582,0.0,0.0
35,-23.80221645332669,0.0,-7.934072151108893,-4.488188976377953,0.0,0.0
36,-22.967050963736284,0.0,-7.65568365457876,-4.330708661417323,0.0,0.0
37,-22.131885474145868,0.0,-7.377295158048621,-4.173228346456693,0.0,0.0
38,-21.29671998455546,0.0,-7.098906661518484,-4.015748031496063,0.0,0.0
39,-20.46155449496505,0.0,-6.820518164988347,-3.8582677165354333,0.0,0.0
40,-19.62638900537464,0.0,-6.542129668458214,-3.7007874015748037,0.0,0.0
41,-18.79122351578423,0.0,-6.263741171928075,-3.543307086614173,0.0,0.0
42,-17.95605802619382,0.0,-5.98535267539794,-3.3858267716535435,0.0,0.0
43,-17.120892536603407,0.0,-5.706964178867801,-3.228346456692914,0.0,0.0
44,-16.285727047012998,0.0,-5.428575682337664,-3.0708661417322833,0.0,0.0
45,-15.45056155742259,0.0,-5.150187185807529,-2.9133858267716537,0.0,0.0
46,-14.615396067832178,0.0,-4.871798689277389,-2.755905511811024,0.0,0.0
47,-13.780230578241765,0.0,-4.593410192747253,-2.5984251968503935,0.0,0.0
48,-12.945065088651356,0.0,-4.315021696217117,-2.440944881889764,0.0,0.0
49,-12.109899599060947,0.0,-4.036633199686982,-2.2834645669291342,0.0,0.0
50,-11.274734109470534,0.0,-3.758244703156845,-2.1259842519685037,0.0,0.0
51,-10.439568619880125,0.0,-3.479856206626707,-1.968503937007874,0.0,0.0
52,-9.604403130289718,0.0,-3.2014677100965723,-1.8110236220472444,0.0,0.0
53,-8.769237640699309,0.0,-2.923079213566435,-1.6535433070866148,0.0,0.0
54,-7.934072151108901,0.0,-2.6446907170363,-1.4960629921259851,0.0,0.0
55,-7.098906661518482,0.0,-2.3663022205061597,-1.3385826771653537,0.0,0.0
56,-6.263741171928075,0.0,-2.087913723976025,-1.181102362204724,0.0,0.0
57,-5.428575682337665,0.0,-1.8095252274458877,-1.0236220472440944,0.0,0.0
58,-4.593410192747258,0.0,-1.5311367309157524,-0.8661417322834648,0.0,0.0
59,-3.758244703156848,0.0,-1.2527482343856156,-0.7086614173228352,0.0,0.0
60,-2.9230792135664396,0.0,-0.9743597378554798,-0.5511811023622055,0.0,0.0
61,-2.0879137239760217,0.0,-0.6959712413253402,-0.3937007874015741,0.0,0.0
62,-1.252748234385613,0.0,-0.41758274479520413,-0.23622047244094446,0.0,0.0
63,-0.4175827447952043,0.0,-0.13919424826506804,-0.07874015748031482,0.0,0.0
64,0.4175827447952043,0.0,0.13919424826506804,0.07874015748031482,0.0,0.0
65,1.252748234385613,0.0,0.41758274479520413,0.23622047244094446,0.0,0.0
66,2.0879137239760217,0.0,0.6959712413253402,0.3937007874015741,0.0,0.0
67,2.9230792135664307,0.0,0.9743597378554768,0.5511811023622037,0.0,0.0
68,3.758244703156848,0.0,1.2527482343856156,0.7086614173228352,0.0,0.0
69,4.593410192747258,0.0,1.5311367309157524,0.8661417322834648,0.0,0.0
70,5.428575682337665,0.0,1.8095252274458877,1.0236220472440944,0.0,0.0
71,6.263741171928075,0.0,2.087913723976025,1.181102362204724,0.0,0.0
72,7.098906661518482,0.0,2.3663022205061597,1.3385826771653537,0.0,0.0
73,7.93407215110889,0.0,2.6446907170362954,1.4960629921259834,0.0,0.0
74,8.769237640699309,0.0,2.923079213566435,1.6535433070866148,0.0,0.0
75,9.604403130289718,0.0,3.2014677100965723,1.8110236220472444,0.0,0.0
76,10.439568619880125,0.0,3.479856206626707,1.968503937007874,0.0,0.0
77,11.274734109470534,0.0,3.758244703156845,2.1259842519685037,0.0,0.0
78,12.109899599060943,0.0,4.03663319968698,2.2834645669291334,0.0,0.0
79,12.945065088651353,0.0,4.315021696217117,2.440944881889763,0.0,0.0
80,13.78023057824176,0.0,4.59341019274725,2.5984251968503926,0.0,0.0
81,14.615396067832178,0.0,4.871798689277389,2.755905511811024,0.0,0.0
82,15.45056155742259,0.0,5.150187185807529,2.9133858267716537,0.0,0.0
83,16.285727047012998,0.0,5.428575682337664,3.0708661417322833,0.0,0.0
84,17.120892536603407,0.0,5.706964178867802,3.228346456692913,0.0,0.0
85,17.956058026193812,0.0,5.985352675397934,3.3858267716535426,0.0,0.0
86,18.791223515784225,0.0,6.263741171928073,3.5433070866141723,0.0,0.0
87,19.62638900537464,0.0,6.542129668458214,3.7007874015748037,0.0,0.0
88,20.46155449496505,0.0,6.820518164988347,3.8582677165354333,0.0,0.0
89,21.29671998455546,0.0,7.098906661518484,4.015748031496063,0.0,0.0
90,22.131885474145868,0.0,7.377295158048621,4.173228346456693,0.0,0.0
91,22.967050963736273,0.0,7.655683654578754,4.330708661417322,0.0,0.0
92,23.802216453326682,0.0,7.93407215110889,4.488188976377952,0.0,0.0
93,24.637381942917106,0.0,8.212460647639036,4.645669291338583,0.0,0.0
94,25.472547432507508,0.0,8.490849144169163,4.803149606299213,0.0,0.0
95,26.30771292209792,0.0,8.769237640699306,4.960629921259843,0.0,0.0
96,27.142878411688326,0.0,9.04762613722944,5.118110236220472,0.0,0.0
97,27.97804390127873,0.0,9.326014633759574,5.275590551181102,0.0,0.0
98,28.813209390869144,0.0,9.604403130289713,5.4330708661417315,0.0,0.0
99,29.648374880459556,0.0,9.882791626819852,5.590551181102361,0.0,0.0
100,30.48354037004997,0.0,10.161180123349984,5.748031496062993,0.0,0.0
101,31.31870585964038,0.0,10.439568619880124,5.905511811023622,0.0,0.0
102,32.15387134923079,0.0,10.717957116410261,6.062992125984252,0.0,0.0
103,32.98903683882119,0.0,10.996345612940395,6.2204724409448815,0.0,0.0
104,33.82420232841161,0.0,11.274734109470534,6.377952755905511,0.0,0.0
105,34.65936781800202,0.0,11.55312260600067,6.535433070866141,0.0,0.0
106,35.49453330759243,0.0,11.83151110253081,6.69291338582677,0.0,0.0
107,36.32969879718283,0.0,12.109899599060935,6.8503937007874,0.0,0.0
108,37.164864286773245,0.0,12.38828809559108,7.00787401574803,0.0,0.0
109,38.00002977636367,0.0,12.666676592121219,7.165354330708663,0.0,0.0
110,38.83519526595407,0.0,12.945065088651349,7.3228346456692925,0.0,0.0
111,39.670360755544486,0.0,13.223453585181495,7.480314960629922,0.0,0.0
112,40.505526245134895,0.0,13.501842081711626,7.637795275590552,0.0,0.0
113,41.340691734725304,0.0,13.780230578241765,7.7952755905511815,0.0,0.0
114,42.17585722431571,0.0,14.058619074771904,7.952755905511811,0.0,0.0
115,43.01102271390612,0.0,14.337007571302038,8.11023622047244,0.0,0.0
116,43.846188203496524,0.0,14.615396067832165,8.26771653543307,0.0,0.0
117,44.68135369308694,0.0,14.893784564362305,8.4251968503937,0.0,0.0
118,45.51651918267734,0.0,15.172173060892444,8.58267716535433,0.0,0.0
119,46.35168467226775,0.0,15.450561557422578,8.74015748031496,0.0,0.0
120,47.18685016185816,0.0,15.728950053952717,8.897637795275589,0.0,0.0
121,48.02201565144857,0.0,16.00733855048285,9.055118110236219,0.0,0.0
122,48.85718114103899,0.0,16.28572704701299,9.212598425196852,0.0,0.0
123,49.69234663062941,0.0,16.564115543543135,9.370078740157481,0.0,0.0
124,50.52751212021981,0.0,16.842504040073262,9.527559055118111,0.0,0.0
125,51.362677609810234,0.0,17.120892536603407,9.68503937007874,0.0,0.0
126,52.197843099400636,0.0,17.39928103313354,9.84251968503937,0.0,0.0
127,53.033008588991045,0.0,17.677669529663675,10.0,0.0,0.0
128,26.51650429449553,-45.927932677184565,-17.677669529663675,0.0,-10.0,0.0
129,26.09892154970032,-45.204658146835214,-17.39928103313354,0.0,-9.84251968503937,0.0
130,25.681338804905124,-44.48138361648585,-17.120892536603407,0.0,-9.68503937007874,0.0
131,25.263756060109916,-43.758109086136486,-16.842504040073262,0.0,-9.527559055118111,0.0
132,24.846173315314708,-43.03483455578712,-16.564115543543128,0.0,-9.37007874015748,0.0
133,24.428590570519503,-42.31156002543775,-16.285727047012998,0.0,-9.21259842519685,0.0
134,24.0110078257243,-41.5882854950884,-16.007338550482856,0.0,-9.05511811023622,0.0
135,23.59342508092909,-40.86501096473903,-15.728950053952712,0.0,-8.89763779527559,0.0
136,23.175842336133886,-40.141736434389664,-15.450561557422583,0.0,-8.740157480314961,0.0
137,22.758259591338685,-39.418461904040306,-15.172173060892451,0.0,-8.582677165354331,0.0
138,22.340676846543477,-38.695187373690935,-14.893784564362305,0.0,-8.4251968503937,0.0
139,21.923094101748273,-37.97191284334157,-14.615396067832165,0.0,-8.26771653543307,0.0
140,21.50551135695307,-37.24863831299221,-14.337007571302038,0.0,-8.11023622047244,0.0
141,21.08792861215786,-36.52536378264285,-14.058619074771904,0.0,-7.952755905511811,0.0
142,20.67034586736266,-35.80208925229349,-13.780230578241765,0.0,-7.7952755905511815,0.0
143,20.252763122567455,-35.07881472194412,-13.501842081711626,0.0,-7.637795275590552,0.0
144,19.835180377772243,-34.35554019159476,-13.223453585181487,0.0,-7.480314960629921,0.0
145,19.417597632977042,-33.63226566124539,-12.945065088651353,0.0,-7.322834645669291,0.0
146,19.000014888181834,-32.908991130896034,-12.666676592121213,0.0,-7.165354330708661,0.0
147,18.582432143386633,-32.18571660054667,-12.388288095591077,0.0,-7.0078740157480315,0.0
148,18.16484939859143,-31.462442070197305,-12.109899599060947,0.0,-6.850393700787402,0.0
149,17.74726665379622,-30.739167539847944,-11.831511102530806,0.0,-6.692913385826772,0.0
150,17.329683909001012,-30.015893009498576,-11.55312260600067,0.0,-6.535433070866142,0.0
151,16.91210116420581,-29.292618479149215,-11.274734109470534,0.0,-6.377952755905512,0.0
152,16.494518419410603,-28.569343948799855,-10.996345612940395,0.0,-6.2204724409448815,0.0
153,16.0769356746154,-27.846069418450487,-10.717957116410261,0.0,-6.062992125984252,0.0
154,15.659352929820198,-27.12279488810113,-10.439568619880124,0.0,-5.905511811023622,0.0
155,15.241770185024992,-26.399520357751765,-10.161180123349984,0.0,-5.748031496062993,0.0
156,14.824187440229782,-25.676245827402393,-9.882791626819852,0.0,-5.590551181102362,0.0
157,14.40660469543458,-24.952971297053036,-9.604403130289713,0.0,-5.433070866141732,0.0
158,13.989021950639376,-24.229696766703672,-9.326014633759582,0.0,-5.275590551181103,0.0
159,13.57143920584417,-23.506422236354304,-9.04762613722944,0.0,-5.118110236220472,0.0
160,13.153856461048965,-22.783147706004943,-8.769237640699306,0.0,-4.960629921259843,0.0
161,12.73627371625376,-22.059873175655582,-8.490849144169163,0.0,-4.803149606299213,0.0
162,12.318690971458553,-21.33659864530622,-8.21246064763903,0.0,-4.645669291338582,0.0
163,11.901108226663347,-20.613324114956853,-7.934072151108893,0.0,-4.488188976377953,0.0
164,11.483525481868142,-19.890049584607496,-7.65568365457876,0.0,-4.330708661417323,0.0
165,11.065942737072938,-19.166775054258128,-7.377295158048621,0.0,-4.173228346456693,0.0
166,10.648359992277731,-18.443500523908764,-7.098906661518484,0.0,-4.015748031496063,0.0
167,10.230777247482528,-17.720225993559403,-6.820518164988347,0.0,-3.8582677165354333,0.0
168,9.813194502687322,-16.99695146321004,-6.542129668458214,0.0,-3.7007874015748037,0.0
169,9.395611757892116,-16.27367693286067,-6.263741171928075,0.0,-3.543307086614173,0.0
170,8.978029013096913,-15.550402402511313,-5.98535267539794,0.0,-3.3858267716535435,0.0
171,8.560446268301707,-14.82712787216195,-5.706964178867801,0.0,-3.228346456692914,0.0
172,8.1428635235065,-14.103853341812583,-5.428575682337664,0.0,-3.0708661417322833,0.0
173,7.725280778711296,-13.380578811463224,-5.150187185807529,0.0,-2.9133858267716537,0.0
174,7.3076980339160915,-12.65730428111386,-4.871798689277389,0.0,-2.755905511811024,0.0
175,6.890115289120884,-11.934029750764493,-4.593410192747253,0.0,-2.5984251968503935,0.0
176,6.47253254432568,-11.21075522041513,-4.315021696217117,0.0,-2.440944881889764,0.0
177,6.054949799530476,-10.487480690065771,-4.036633199686982,0.0,-2.2834645669291342,0.0
178,5.637367054735269,-9.764206159716405,-3.758244703156845,0.0,-2.1259842519685037,0.0
179,5.2197843099400645,-9.04093162936704,-3.479856206626707,0.0,-1.968503937007874,0.0
180,4.80220156514486,-8.31765709901768,-3.2014677100965723,0.0,-1.8110236220472444,0.0
181,4.384618820349655,-7.594382568668317,-2.923079213566435,0.0,-1.6535433070866148,0.0
182,3.9670360755544514,-6.871108038318956,-2.6446907170363,0.0,-1.4960629921259851,0.0
183,3.549453330759242,-6.147833507969586,-2.3663022205061597,0.0,-1.3385826771653537,0.0
184,3.131870585964038,-5.424558977620224,-2.087913723976025,0.0,-1.181102362204724,0.0
185,2.714287841168834,-4.7012844472708615,-1.8095252274458877,0.0,-1.0236220472440944,0.0
186,2.2967050963736293,-3.9780099169214993,-1.5311367309157524,0.0,-0.8661417322834648,0.0
187,1.8791223515784248,-3.254735386572137,-1.2527482343856156,0.0,-0.7086614173228352,0.0
188,1.4615396067832203,-2.5314608562227754,-0.9743597378554798,0.0,-0.5511811023622055,0.0
189,1.0439568619880109,-1.808186325873405,-0.6959712413253402,0.0,-0.3937007874015741,0.0
190,0.6263741171928066,-1.084911795524043,-0.41758274479520413,0.0,-0.23622047244094446,0.0
191,0.20879137239760223,-0.36163726517468103,-0.13919424826506804,0.0,-0.07874015748031482,0.0
192,-0.20879137239760223,0.36163726517468103,0.13919424826506804,0.0,0.07874015748031482,0.0
193,-0.6263741171928066,1.084911795524043,0.41758274479520413,0.0,0.23622047244094446,0.0
194,-1.0439568619880109,1.808186325873405,0.6959712413253402,0.0,0.3937007874015741,0.0
195,-1.4615396067832154,2.531460856222767,0.9743597378554768,0.0,0.5511811023622037,0.0
196,-1.8791223515784248,3.254735386572137,1.2527482343856156,0.0,0.7086614173228352,0.0
197,-2.2967050963736293,3.9780099169214993,1.5311367309157524,0.0,0.8661417322834648,0.0
198,-2.714287841168834,4.7012844472708615,1.8095252274458877,0.0,1.0236220472440944,0.0
199,-3.131870585964038,5.424558977620224,2.087913723976025,0.0,1.181102362204724,0.0
200,-3.549453330759242,6.147833507969586,2.3663022205061597,0.0,1.3385826771653537,0.0
201,-3.9670360755544465,6.871108038318947,2.6446907170362954,0.0,1.4960629921259834,0.0
202,-4.384618820349655,7.594382568668317,2.923079213566435,0.0,1.6535433070866148,0.0
203,-4.80220156514486,8.31765709901768,3.2014677100965723,0.0,1.8110236220472444,0.0
204,-5.2197843099400645,9.04093162936704,3.479856206626707,0.0,1.968503937007874,0.0
205,-5.637367054735269,9.764206159716405,3.758244703156845,0.0,2.1259842519685037,0.0
206,-6.0549497995304735,10.487480690065766,4.03663319968698,0.0,2.2834645669291334,0.0
207,-6.472532544325678,11.210755220415127,4.315021696217117,0.0,2.440944881889763,0.0
208,-6.890115289120883,11.93402975076449,4.59341019274725,0.0,2.5984251968503926,0.0
209,-7.3076980339160915,12.65730428111386,4.871798689277389,0.0,2.755905511811024,0.0
210,-7.725280778711296,13.380578811463224,5.150187185807529,0.0,2.9133858267716537,0.0
211,-8.1428635235065,14.103853341812583,5.428575682337664,0.0,3.0708661417322833,0.0
212,-8.560446268301705,14.827127872161945,5.706964178867802,0.0,3.228346456692913,0.0
213,-8.97802901309691,15.55040240251131,5.985352675397934,0.0,3.3858267716535426,0.0
214,-9.395611757892114,16.27367693286067,6.263741171928073,0.0,3.5433070866141723,0.0
215,-9.813194502687322,16.99695146321004,6.542129668458214,0.0,3.7007874015748037,0.0
216,-10.230777247482528,17.720225993559403,6.820518164988347,0.0,3.8582677165354333,0.0
217,-10.648359992277731,18.443500523908764,7.098906661518484,0.0,4.015748031496063,0.0
218,-11.065942737072938,19.166775054258128,7.377295158048621,0.0,4.173228346456693,0.0
219,-11.483525481868142,19.890049584607485,7.655683654578754,0.0,4.330708661417322,0.0
220,-11.901108226663347,20.613324114956853,7.93407215110889,0.0,4.488188976377952,0.0
221,-12.318690971458553,21.33659864530622,8.212460647639036,0.0,4.645669291338583,0.0
222,-12.73627371625376,22.059873175655582,8.490849144169163,0.0,4.803149606299213,0.0
223,-13.153856461048965,22.783147706004943,8.769237640699306,0.0,4.960629921259843,0.0
224,-13.57143920584417,23.506422236354304,9.04762613722944,0.0,5.118110236220472,0.0
225,-13.989021950639373,24.229696766703672,9.326014633759574,0.0,5.275590551181102,0.0
226,-14.406604695434575,24.952971297053033,9.604403130289713,0.0,5.4330708661417315,0.0
227,-14.824187440229782,25.676245827402393,9.882791626819852,0.0,5.590551181102361,0.0
228,-15.241770185024992,26.399520357751765,10.161180123349984,0.0,5.748031496062993,0.0
229,-15.659352929820198,27.12279488810113,10.439568619880124,0.0,5.905511811023622,0.0
230,-16.0769356746154,27.846069418450487,10.717957116410261,0.0,6.062992125984252,0.0
231,-16.494518419410603,28.569343948799855,10.996345612940395,0.0,6.2204724409448815,0.0
232,-16.912101164205808,29.292618479149215,11.274734109470534,0.0,6.377952755905511,0.0
233,-17.329683909001012,30.015893009498576,11.55312260600067,0.0,6.535433070866141,0.0
234,-17.747266653796217,30.739167539847934,11.83151110253081,0.0,6.69291338582677,0.0
235,-18.16484939859142,31.462442070197294,12.109899599060935,0.0,6.8503937007874,0.0
236,-18.582432143386626,32.18571660054666,12.38828809559108,0.0,7.00787401574803,0.0
237,-19.00001488818184,32.90899113089604,12.666676592121219,0.0,7.165354330708663,0.0
238,-19.417597632977042,33.6322656612454,12.945065088651349,0.0,7.3228346456692925,0.0
239,-19.835180377772247,34.35554019159476,13.223453585181495,0.0,7.480314960629922,0.0
240,-20.252763122567455,35.07881472194412,13.501842081711626,0.0,7.637795275590552,0.0
241,-20.67034586736266,35.80208925229349,13.780230578241765,0.0,7.7952755905511815,0.0
242,-21.08792861215786,36.52536378264285,14.058619074771904,0.0,7.952755905511811,0.0
243,-21.50551135695307,37.24863831299221,14.337007571302038,0.0,8.11023622047244,0.0
244,-21.923094101748273,37.97191284334157,14.615396067832165,0.0,8.26771653543307,0.0
245,-22.340676846543477,38.695187373690935,14.893784564362305,0.0,8.4251968503937,0.0
246,-22.75825959133868,39.41846190404029,15.172173060892444,0.0,8.58267716535433,0.0
247,-23.175842336133883,40.141736434389664,15.450561557422578,0.0,8.74015748031496,0.0
248,-23.593425080929087,40.865010964739014,15.728950053952717,0.0,8.897637795275589,0.0
249,-24.011007825724295,41.588285495088385,16.00733855048285,0.0,9.055118110236219,0.0
250,-24.428590570519507,42.31156002543776,16.28572704701299,0.0,9.212598425196852,0.0
251,-24.846173315314708,43.03483455578713,16.564115543543135,0.0,9.370078740157481,0.0
252,-25.263756060109916,43.758109086136486,16.842504040073262,0.0,9.527559055118111,0.0
253,-25.681338804905124,44.48138361648585,17.120892536603407,0.0,9.68503937007874,0.0
254,-26.09892154970032,45.204658146835214,17.39928103313354,0.0,9.84251968503937,0.0
255,-26.51650429449553,45.927932677184565,17.677669529663675,0.0,10.0,0.0
256,26.51650429449553,45.927932677184565,-17.677669529663675,0.0,0.0,-10.0
257,26.09892154970032,45.204658146835214,-17.39928103313354,0.0,0.0,-9.84251968503937
258,25.681338804905124,44.48138361648585,-17.120892536603407,0.0,0.0,-9.68503937007874
259,25.263756060109916,43.758109086136486,-16.842504040073262,0.0,0.0,-9.527559055118111
260,24.846173315314708,43.03483455578712,-16.564115543543128,0.0,0.0,-9.37007874015748
261,24.428590570519503,42.31156002543775,-16.285727047012998,0.0,0.0,-9.21259842519685
262,24.0110078257243,41.5882854950884,-16.007338550482856,0.0,0.0,-9.05511811023622
263,23.59342508092909,40.86501096473903,-15.728950053952712,0.0,0.0,-8.89763779527559
264,23.175842336133886,40.141736434389664,-15.450561557422583,0.0,0.0,-8.740157480314961
265,22.758259591338685,39.418461904040306,-15.172173060892451,0.0,0.0,-8.582677165354331
266,22.340676846543477,38.695187373690935,-14.893784564362305,0.0,0.0,-8.4251968503937
267,21.923094101748273,37.97191284334157,-14.615396067832165,0.0,0.0,-8.26771653543307
268,21.50551135695307,37.24863831299221,-14.337007571302038,0.0,0.0,-8.11023622047244
269,21.08792861215786,36.52536378264285,-14.058619074771904,0.0,0.0,-7.952755905511811
270,20.67034586736266,35.80208925229349,-13.780230578241765,0.0,0.0,-7.7952755905511815
271,20.252763122567455,35.07881472194412,-13.501842081711626,0.0,0.0,-7.637795275590552
272,19.835180377772243,34.35554019159476,-13.223453585181487,0.0,0.0,-7.480314960629921
273,19.417597632977042,33.63226566124539,-12.945065088651353,0.0,0.0,-7.322834645669291
274,19.000014888181834,32.908991130896034,-12.666676592121213,0.0,0.0,-7.165354330708661
275,18.582432143386633,32.18571660054667,-12.388288095591077,0.0,0.0,-7.0078740157480315
276,18.16484939859143,31.462442070197305,-12.109899599060947,0.0,0.0,-6.850393700787402
277,17.74726665379622,30.739167539847944,-11.831511102530806,0.0,0.0,-6.692913385826772
278,17.329683909001012,30.015893009498576,-11.55312260600067,0.0,0.0,-6.535433070866142
279,16.91210116420581,29.292618479149215,-11.274734109470534,0.0,0.0,-6.377952755905512
280,16.494518419410603,28.569343948799855,-10.996345612940395,0.0,0.0,-6.2204724409448815
281,16.0769356746154,27.846069418450487,-10.717957116410261,0.0,0.0,-6.062992125984252
282,15.659352929820198,27.12279488810113,-10.439568619880124,0.0,0.0,-5.905511811023622
283,15.241770185024992,26.399520357751765,-10.161180123349984,0.0,0.0,-5.748031496062993
284,14.824187440229782,25.676245827402393,-9.882791626819852,0.0,0.0,-5.590551181102362
285,14.40660469543458,24.952971297053036,-9.604403130289713,0.0,0.0,-5.433070866141732
286,13.989021950639376,24.229696766703672,-9.326014633759582,0.0,0.0,-5.275590551181103
287,13.57143920584417,23.506422236354304,-9.04762613722944,0.0,0.0,-5.118110236220472
288,13.153856461048965,22.783147706004943,-8.769237640699306,0.0,0.0,-4.960629921259843
289,12.73627371625376,22.059873175655582,-8.490849144169163,0.0,0.0,-4.803149606299213
290,12.318690971458553,21.33659864530622,-8.21246064763903,0.0,0.0,-4.645669291338582
291,11.901108226663347,20.613324114956853,-7.934072151108893,0.0,0.0,-4.488188976377953
292,11.483525481868142,19.890049584607496,-7.65568365457876,0.0,0.0,-4.330708661417323
293,11.065942737072938,19.166775054258128,-7.377295158048621,0.0,0.0,-4.173228346456693
294,10.648359992277731,18.443500523908764,-7.098906661518484,0.0,0.0,-4.015748031496063
295,10.230777247482528,17.720225993559403,-6.820518164988347,0.0,0.0,-3.8582677165354333
296,9.813194502687322,16.99695146321004,-6.542129668458214,0.0,0.0,-3.7007874015748037
297,9.395611757892116,16.27367693286067,-6.263741171928075,0.0,0.0,-3.543307086614173
298,8.978029013096913,15.550402402511313,-5.98535267539794,0.0,0.0,-3.3858267716535435
299,8.560446268301707,14.82712787216195,-5.706964178867801,0.0,0.0,-3.228346456692914
300,8.1428635235065,14.103853341812583,-5.428575682337664,0.0,0.0,-3.0708661417322833
301,7.725280778711296,13.380578811463224,-5.150187185807529,0.0,0.0,-2.9133858267716537
302,7.3076980339160915,12.65730428111386,-4.871798689277389,0.0,0.0,-2.755905511811024
303,6.890115289120884,11.934029750764493,-4.593410192747253,0.0,0.0,-2.5984251968503935
304,6.47253254432568,11.21075522041513,-4.315021696217117,0.0,0.0,-2.440944881889764
305,6.054949799530476,10.487480690065771,-4.036633199686982,0.0,0.0,-2.2834645669291342
306,5.637367054735269,9.764206159716405,-3.758244703156845,0.0,0.0,-2.1259842519685037
307,5.2197843099400645,9.04093162936704,-3.479856206626707,0.0,0.0,-1.968503937007874
308,4.80220156514486,8.31765709901768,-3.2014677100965723,0.0,0.0,-1.8110236220472444
309,4.384618820349655,7.594382568668317,-2.923079213566435,0.0,0.0,-1.6535433070866148
310,3.9670360755544514,6.871108038318956,-2.6446907170363,0.0,0.0,-1.4960629921259851
311,3.549453330759242,6.147833507969586,-2.3663022205061597,0.0,0.0,-1.3385826771653537
312,3.131870585964038,5.424558977620224,-2.087913723976025,0.0,0.0,-1.181102362204724
313,2.714287841168834,4.7012844472708615,-1.8095252274458877,0.0,0.0,-1.0236220472440944
314,2.2967050963736293,3.9780099169214993,-1.5311367309157524,0.0,0.0,-0.8661417322834648
315,1.8791223515784248,3.254735386572137,-1.2527482343856156,0.0,0.0,-0.7086614173228352
316,1.4615396067832203,2.5314608562227754,-0.9743597378554798,0.0,0.0,-0.5511811023622055
317,1.0439568619880109,1.808186325873405,-0.6959712413253402,0.0,0.0,-0.3937007874015741
318,0.6263741171928066,1.084911795524043,-0.41758274479520413,0.0,0.0,-0.23622047244094446
319,0.20879137239760223,0.36163726517468103,-0.13919424826506804,0.0,0.0,-0.07874015748031482
320,-0.20879137239760223,-0.36163726517468103,0.13919424826506804,0.0,0.0,0.07874015748031482
321,-0.6263741171928066,-1.084911795524043,0.41758274479520413,0.0,0.0,0.23622047244094446
322,-1.0439568619880109,-1.808186325873405,0.6959712413253402,0.0,0.0,0.3937007874015741
323,-1.4615396067832154,-2.531460856222767,0.9743597378554768,0.0,0.0,0.5511811023622037
324,-1.8791223515784248,-3.254735386572137,1.2527482343856156,0.0,0.0,0.7086614173228352
325,-2.2967050963736293,-3.9780099169214993,1.5311367309157524,0.0,0.0,0.8661417322834648
326,-2.714287841168834,-4.7012844472708615,1.8095252274458877,0.0,0.0,1.0236220472440944
327,-3.131870585964038,-5.424558977620224,2.087913723976025,0.0,0.0,1.181102362204724
328,-3.549453330759242,-6.147833507969586,2.3663022205061597,0.0,0.0,1.3385826771653537
329,-3.9670360755544465,-6.871108038318947,2.6446907170362954,0.0,0.0,1.4960629921259834
330,-4.384618820349655,-7.594382568668317,2.923079213566435,0.0,0.0,1.6535433070866148
331,-4.80220156514486,-8.31765709901768,3.2014677100965723,0.0,0.0,1.8110236220472444
332,-5.2197843099400645,-9.04093162936704,3.479856206626707,0.0,0.0,1.968503937007874
333,-5.637367054735269,-9.764206159716405,3.758244703156845,0.0,0.0,2.1259842519685037
334,-6.0549497995304735,-10.487480690065766,4.03663319968698,0.0,0.0,2.2834645669291334
335,-6.472532544325678,-11.210755220415127,4.315021696217117,0.0,0.0,2.440944881889763
336,-6.890115289120883,-11.93402975076449,4.59341019274725,0.0,0.0,2.5984251968503926
337,-7.3076980339160915,-12.65730428111386,4.871798689277389,0.0,0.0,2.755905511811024
338,-7.725280778711296,-13.380578811463224,5.150187185807529,0.0,0.0,2.9133858267716537
339,-8.1428635235065,-14.103853341812583,5.428575682337664,0.0,0.0,3.0708661417322833
340,-8.560446268301705,-14.827127872161945,5.706964178867802,0.0,0.0,3.228346456692913
341,-8.97802901309691,-15.55040240251131,5.985352675397934,0.0,0.0,3.3858267716535426
342,-9.395611757892114,-16.27367693286067,6.263741171928073,0.0,0.0,3.5433070866141723
343,-9.813194502687322,-16.99695146321004,6.542129668458214,0.0,0.0,3.7007874015748037
344,-10.230777247482528,-17.720225993559403,6.820518164988347,0.0,0.0,3.8582677165354333
345,-10.648359992277731,-18.443500523908764,7.098906661518484,0.0,0.0,4.015748031496063
346,-11.065942737072938,-19.166775054258128,7.377295158048621,0.0,0.0,4.173228346456693
347,-11.483525481868142,-19.890049584607485,7.655683654578754,0.0,0.0,4.330708661417322
348,-11.901108226663347,-20.613324114956853,7.93407215110889,0.0,0.0,4.488188976377952
349,-12.318690971458553,-21.33659864530622,8.212460647639036,0.0,0.0,4.645669291338583
350,-12.73627371625376,-22.059873175655582,8.490849144169163,0.0,0.0,4.803149606299213
351,-13.153856461048965,-22.783147706004943,8.769237640699306,0.0,0.0,4.960629921259843
352,-13.57143920584417,-23.506422236354304,9.04762613722944,0.0,0.0,5.118110236220472
353,-13.989021950639373,-24.229696766703672,9.326014633759574,0.0,0.0,5.275590551181102
354,-14.406604695434575,-24.952971297053033,9.604403130289713,0.0,0.0,5.4330708661417315
355,-14.824187440229782,-25.676245827402393,9.882791626819852,0.0,0.0,5.590551181102361
356,-15.241770185024992,-26.399520357751765,10.161180123349984,0.0,0.0,5.748031496062993
357,-15.659352929820198,-27.12279488810113,10.439568619880124,0.0,0.0,5.905511811023622
358,-16.0769356746154,-27.846069418450487,10.717957116410261,0.0,0.0,6.062992125984252
359,-16.494518419410603,-28.569343948799855,10.996345612940395,0.0,0.0,6.2204724409448815
360,-16.912101164205808,-29.292618479149215,11.274734109470534,0.0,0.0,6.377952755905511
361,-17.329683909001012,-30.015893009498576,11.55312260600067,0.0,0.0,6.535433070866141
362,-17.747266653796217,-30.739167539847934,11.83151110253081,0.0,0.0,6.69291338582677
363,-18.16484939859142,-31.462442070197294,12.109899599060935,0.0,0.0,6.8503937007874
364,-18.582432143386626,-32.18571660054666,12.38828809559108,0.0,0.0,7.00787401574803
365,-19.00001488818184,-32.90899113089604,12.666676592121219,0.0,0.0,7.165354330708663
366,-19.417597632977042,-33.6322656612454,12.945065088651349,0.0,0.0,7.3228346456692925
367,-19.835180377772247,-34.35554019159476,13.223453585181495,0.0,0.0,7.480314960629922
368,-20.252763122567455,-35.07881472194412,13.501842081711626,0.0,0.0,7.637795275590552
369,-20.67034586736266,-35.80208925229349,13.780230578241765,0.0,0.0,7.7952755905511815
370,-21.08792861215786,-36.52536378264285,14.058619074771904,0.0,0.0,7.952755905511811
371,-21.50551135695307,-37.24863831299221,14.337007571302038,0.0,0.0,8.11023622047244
372,-21.923094101748273,-37.97191284334157,14.615396067832165,0.0,0.0,8.26771653543307
373,-22.340676846543477,-38.695187373690935,14.893784564362305,0.0,0.0,8.4251968503937
374,-22.75825959133868,-39.41846190404029,15.172173060892444,0.0,0.0,8.58267716535433
375,-23.175842336133883,-40.141736434389664,15.450561557422578,0.0,0.0,8.74015748031496
376,-23.593425080929087,-40.865010964739014,15.728950053952717,0.0,0.0,8.897637795275589
377,-24.011007825724295,-41.588285495088385,16.00733855048285,0.0,0.0,9.055118110236219
378,-24.428590570519507,-42.31156002543776,16.28572704701299,0.0,0.0,9.212598425196852
379,-24.846173315314708,-43.03483455578713,16.564115543543135,0.0,0.0,9.370078740157481
380,-25.263756060109916,-43.758109086136486,16.842504040073262,0.0,0.0,9.527559055118111
381,-25.681338804905124,-44.48138361648585,17.120892536603407,0.0,0.0,9.68503937007874
382,-26.09892154970032,-45.204658146835214,17.39928103313354,0.0,0.0,9.84251968503937
383,-26.51650429449553,-45.927932677184565,17.677669529663675,0.0,0.0,10.0
